<?xml version="1.0" encoding="UTF-8"?>
<codeBook version="2.5" ID="HHS-2026-001" xml-lang="en" xmlns="ddi:codebook:2_5" xmlns:xsi="http://www.w3.org/2001/XMLSchema-instance" xsi:schemaLocation="ddi:codebook:2_5 https://ddialliance.org/Specification/DDI-Codebook/2.5/XMLSchema/codebook.xsd">
<docDscr>
  <citation>
    <titlStmt>
      <IDNo></IDNo>
      <titl>Household Survey 2026 Documentation</titl>
    </titlStmt>
    <prodStmt>
      <producer></producer>
      <prodDate date="">
        <_value></_value>
      </prodDate>
      <software version="v5">NADA</software>
    </prodStmt>
    <verStmt>
      <version></version>
    </verStmt>
  </citation>
</docDscr>
<stdyDscr>
  <citation>
    <titlStmt>
      <titl>Household Survey 2026</titl>
      <subTitl>National Household Income and Expenditure Survey</subTitl>
      <altTitl>HHS 2026</altTitl>
      <parTitl/>
      <IDNo>HHS-2026-001</IDNo>
    </titlStmt>
    <rspStmt>
      <AuthEnty affiliation="Government of United States">National Statistics Office</AuthEnty>
    </rspStmt>
    <prodStmt>
      <copyright/>
      <software version="beta" date="2026-01-02">MetadataEditor</software>
      <prodDate/>
      <prodPlac/>
    </prodStmt>
    <distStmt>
      <depDate date=""/>
      <distDate date=""/>
    </distStmt>
    <serStmt>
      <serName/>
      <serInfo><![CDATA[]]></serInfo>
    </serStmt>
    <verStmt>
      <version date=""/>
      <verResp/>
      <notes><![CDATA[]]></notes>
    </verStmt>
    <biblCit format=""><![CDATA[]]></biblCit>
    <notes><![CDATA[]]></notes>
  </citation>
  <studyAuthorization date="">
    <authorizationStatement><![CDATA[]]></authorizationStatement>
  </studyAuthorization>
  <stdyInfo>
    <studyBudget><![CDATA[]]></studyBudget>
    <subject>
                  
                  
    </subject>
    <abstract><![CDATA[The Household Survey 2026 is a comprehensive national survey designed to collect detailed information on household income, expenditure patterns, demographics, and living conditions. Data was collected from 55 households across the United States using Computer-Assisted Personal Interviewing (CAPI) methodology. A team of 45 trained enumerators conducted face-to-face interviews with household heads, visiting each household to ensure accurate data collection. This survey provides critical data for policy formulation, economic analysis, and social research.]]></abstract>
    <sumDscr>
      <nation abbr="USA">United States</nation>
      <geogCover/>
      <geogCoverNote/>
      <geogUnit/>
      <anlyUnit><![CDATA[Household]]></anlyUnit>
      <universe><![CDATA[All households in the United States]]></universe>
      <dataKind/>
    </sumDscr>
    <qualityStatement>
      <standardsCompliance>
        <complianceDescription/>
      </standardsCompliance>
      <otherQualityStatement/>
    </qualityStatement>
    <notes><![CDATA[]]></notes>
    <exPostEvaluation completionDate="" type="">
      <evaluationProcess/>
      <outcomes/>
    </exPostEvaluation>
  </stdyInfo>
  <method>
    <dataColl>
      <timeMeth>Cross-sectional</timeMeth>
      <frequenc>One-time</frequenc>
      <sampProc><![CDATA[Multi-stage stratified random sampling]]></sampProc>
      <sampleFrame>
        <sampleFrameName/>
        <custodian/>
        <universe/>
        <frameUnit isPrimary="">
          <unitType numberOfUnits=""/>
        </frameUnit>
        <updateProcedure/>
      </sampleFrame>
      <deviat/>
      <resInstru><![CDATA[]]></resInstru>
      <instrumentDevelopment type=""/>
      <collSitu><![CDATA[]]></collSitu>
      <actMin><![CDATA[]]></actMin>
      <ConOps><![CDATA[]]></ConOps>
      <weight><![CDATA[]]></weight>
      <cleanOps><![CDATA[]]></cleanOps>
    </dataColl>
    <notes><![CDATA[]]></notes>
    <anlyInfo>
      <respRate><![CDATA[]]></respRate>
      <EstSmpErr><![CDATA[]]></EstSmpErr>
      <dataAppr><![CDATA[]]></dataAppr>
    </anlyInfo>
    <stdyClas><![CDATA[]]></stdyClas>
  </method>
  <dataAccs>
    <setAvail>
      <accsPlac URI=""/>
      <origArch/>
      <avlStatus/>
      <collSize/>
      <complete/>
      <fileQnty/>
      <notes><![CDATA[]]></notes>
    </setAvail>
    <useStmt>
      <restrctn/>
      <citReq><![CDATA[]]></citReq>
      <deposReq><![CDATA[]]></deposReq>
      <conditions><![CDATA[]]></conditions>
      <disclaimer><![CDATA[]]></disclaimer>
    </useStmt>
    <notes><![CDATA[]]></notes>
  </dataAccs>
  <notes><![CDATA[]]></notes>
</stdyDscr>
<fileDscr ID="HHS-2026-MAIN">
  <fileTxt>
    <fileName>household_survey_2026_main.csv</fileName>
    <fileCont>Main household survey data file</fileCont>
    <dimensns>
      <caseQnty>5000</caseQnty>
      <varQnty>20</varQnty>
    </dimensns>
    <dataChck></dataChck>
    <dataMsng></dataMsng>
    <verStmt>
      <version></version>
    </verStmt>
  </fileTxt>
  <notes></notes>
</fileDscr>
<dataDscr>
<var ID="1" name="HHID" files="HHS-2026-MAIN" intrvl="discrete">
  <varFormat type="numeric"/>
  <labl>Household ID</labl>
</var>
<var ID="2" name="ENUMERATOR_ID" files="HHS-2026-MAIN" intrvl="discrete">
  <varFormat type="numeric"/>
  <labl>Enumerator ID</labl>
</var>
<var ID="3" name="REGION" files="HHS-2026-MAIN" intrvl="discrete">
  <varFormat type="character"/>
  <labl>Geographic Region</labl>
  <catgry>
    <labl>Northeast</labl>
  </catgry>
  <catgry>
    <labl>Midwest</labl>
  </catgry>
  <catgry>
    <labl>South</labl>
  </catgry>
  <catgry>
    <labl>West</labl>
  </catgry>
</var>
<var ID="4" name="URBAN" files="HHS-2026-MAIN" intrvl="discrete">
  <varFormat type="character"/>
  <labl>Urban/Rural</labl>
  <catgry>
    <labl>Urban</labl>
  </catgry>
  <catgry>
    <labl>Rural</labl>
  </catgry>
</var>
<var ID="5" name="HH_SIZE" files="HHS-2026-MAIN" intrvl="discrete">
  <varFormat type="numeric"/>
  <labl>Household Size</labl>
</var>
<var ID="6" name="HH_INCOME" files="HHS-2026-MAIN" dcml="2" intrvl="contin">
  <varFormat type="numeric"/>
  <labl>Total Household Income</labl>
</var>
<var ID="7" name="HH_EXPEND" files="HHS-2026-MAIN" dcml="2" intrvl="contin">
  <varFormat type="numeric"/>
  <labl>Total Household Expenditure</labl>
</var>
<var ID="8" name="FOOD_EXP" files="HHS-2026-MAIN" dcml="2" intrvl="contin">
  <varFormat type="numeric"/>
  <labl>Food Expenditure</labl>
</var>
<var ID="9" name="HOUSING_EXP" files="HHS-2026-MAIN" dcml="2" intrvl="contin">
  <varFormat type="numeric"/>
  <labl>Housing Expenditure</labl>
</var>
<var ID="10" name="EDUCATION_EXP" files="HHS-2026-MAIN" dcml="2" intrvl="contin">
  <varFormat type="numeric"/>
  <labl>Education Expenditure</labl>
</var>
<var ID="11" name="HEALTH_EXP" files="HHS-2026-MAIN" dcml="2" intrvl="contin">
  <varFormat type="numeric"/>
  <labl>Health Expenditure</labl>
</var>
<var ID="12" name="HH_HEAD_AGE" files="HHS-2026-MAIN" intrvl="discrete">
  <varFormat type="numeric"/>
  <labl>Household Head Age</labl>
</var>
<var ID="13" name="HH_HEAD_GENDER" files="HHS-2026-MAIN" intrvl="discrete">
  <varFormat type="character"/>
  <labl>Household Head Gender</labl>
  <catgry>
    <labl>Male</labl>
  </catgry>
  <catgry>
    <labl>Female</labl>
  </catgry>
  <catgry>
    <labl>Other</labl>
  </catgry>
</var>
<var ID="14" name="HH_HEAD_EDU" files="HHS-2026-MAIN" intrvl="discrete">
  <varFormat type="character"/>
  <labl>Household Head Education</labl>
  <catgry>
    <labl>No formal education</labl>
  </catgry>
  <catgry>
    <labl>Primary</labl>
  </catgry>
  <catgry>
    <labl>Secondary</labl>
  </catgry>
  <catgry>
    <labl>Bachelor</labl>
  </catgry>
  <catgry>
    <labl>Master</labl>
  </catgry>
  <catgry>
    <labl>Doctorate</labl>
  </catgry>
</var>
<var ID="15" name="HH_HEAD_EMPLOY" files="HHS-2026-MAIN" intrvl="discrete">
  <varFormat type="character"/>
  <labl>Household Head Employment Status</labl>
  <catgry>
    <labl>Employed</labl>
  </catgry>
  <catgry>
    <labl>Unemployed</labl>
  </catgry>
  <catgry>
    <labl>Retired</labl>
  </catgry>
  <catgry>
    <labl>Student</labl>
  </catgry>
  <catgry>
    <labl>Other</labl>
  </catgry>
</var>
<var ID="16" name="OWNERSHIP" files="HHS-2026-MAIN" intrvl="discrete">
  <varFormat type="character"/>
  <labl>Housing Ownership</labl>
  <catgry>
    <labl>Own</labl>
  </catgry>
  <catgry>
    <labl>Rent</labl>
  </catgry>
  <catgry>
    <labl>Other</labl>
  </catgry>
</var>
<var ID="17" name="VEHICLES" files="HHS-2026-MAIN" intrvl="discrete">
  <varFormat type="numeric"/>
  <labl>Number of Vehicles</labl>
</var>
<var ID="18" name="INTERNET" files="HHS-2026-MAIN" intrvl="discrete">
  <varFormat type="character"/>
  <labl>Internet Access</labl>
  <catgry>
    <labl>Yes</labl>
  </catgry>
  <catgry>
    <labl>No</labl>
  </catgry>
</var>
<var ID="19" name="CHILDREN" files="HHS-2026-MAIN" intrvl="discrete">
  <varFormat type="numeric"/>
  <labl>Number of Children</labl>
</var>
<var ID="20" name="ELDERLY" files="HHS-2026-MAIN" intrvl="discrete">
  <varFormat type="numeric"/>
  <labl>Number of Elderly</labl>
</var>
<var ID="21" name="WEIGHT" files="HHS-2026-MAIN" dcml="4" intrvl="contin">
  <varFormat type="numeric"/>
  <labl>Sampling Weight</labl>
</var>
</dataDscr></codeBook>
