<?xml version='1.0' encoding='UTF-8'?>
<codeBook version="1.2.2" ID="{ident_id}" xml-lang="en" xmlns="http://www.icpsr.umich.edu/DDI" xmlns:xsi="http://www.w3.org/2001/XMLSchema-instance" xsi:schemaLocation="http://www.icpsr.umich.edu/DDI http://www.icpsr.umich.edu/DDI/Version1-2-2.xsd">
  <stdyDscr>
    <citation>
      <titlStmt>
        <titl>
          {ident_title}
        </titl>
        <subTitl>
          {ident_subtitle}
        </subTitl>
        <altTitl>
          {ident_abbr}
        </altTitl>
        <parTitl>
          {ident_trans_title}
        </parTitl>
        <IDNo>
          {ident_id}
        </IDNo>
      </titlStmt>
      <rspStmt>
        {prod_s_investigator}
        <!--<AuthEnty affiliation="ff2eadd97">
          a35981bad
        </AuthEnty> -->
        {prod_s_acknowledgements}
      <!--  <othId role="1de7d75e7f24" affiliation="4059810c">
          <p>
            65c4349f43
          </p>
        </othId> -->
      </rspStmt>
      <prodStmt>
        {prod_s_other_prod}
        <!--<producer abbr="32c5ac1e54b" affiliation="32ede4cc92" role="19f2058fb">
          37eeae77dd3
        </producer> -->
        <copyright>
          {disclaimer_copyright}
        </copyright>
        <software version="1.2" date="2011-01-07">
          Metadata Editor
        </software>
        {prod_s_funding}
        <!--<fundAg abbr="c6adb91e6" role="c68b78112c">
          ae7e1ff6b5c4
        </fundAg>
       <grantNo>
          324f6571d
        </grantNo> -->
      </prodStmt>
      <distStmt>
        {contacts_contacts}
        <!--<contact affiliation="c95ef4b57" URI="d2bb463d53" email="b9a873ad">
          04b5ab01f443
        </contact> -->
      </distStmt>
      <serStmt URI="{ident_ddp_id}">
        <serName>
          {ident_study_type}
        </serName>
        <serInfo>
          {ident_ser_info}
        </serInfo>
      </serStmt>
      <verStmt>
        <version date="{ver_prod_date}">
          {ver_desc}
        </version>
        <verResp affiliation="{overview_methods}"/>
        <notes>
          {ver_notes}
        </notes>
      </verStmt>
    </citation>
    <stdyInfo>
      <subject>
        {scope_keywords}
        <!-- <keyword vocab="e0fb927bac" vocabURI="785b131d75b1">
          719ed3f7043
        </keyword> -->
        {scope_class}
      <!--  <topcClas vocab="0292332" vocabURI="0292332">
          450cc0cc62a
        </topcClas>
        <topcClas vocab="c3d400d9da" vocabURI="a0846c0">
          a2983215f
        </topcClas> -->
      </subject>
      <abstract>
        {overview_abstract}
      </abstract>
      <sumDscr>
        {coll_dates}
       <!-- <timePrd date="2012-06-28" event="start" cycle="85b8d8a046e"/>
        <timePrd date="2012-06-27" event="end" cycle="85b8d8a046e"/> -->
        {coll_periods}
        <!--<collDate date="2012-06-28" event="start" cycle="d185b8d8a0"/>
        <collDate date="2012-06-20" event="end" cycle="d185b8d8a0"/> -->
        {coverage_country}
        <!--<nation abbr="1531aa3bd">
          e4bea8007b8
        </nation> -->
        <geogCover>
          {coverage_geo}
        </geogCover>
        <anlyUnit>
          f9271494c4
        </anlyUnit>
        <universe>
          {coverage_universe}
        </universe>
        <dataKind>
          {overview_kind_of_data}
        </dataKind>
      </sumDscr>
      <notes>
        {scope_definition}
      </notes>
    </stdyInfo>
    <method>
      <dataColl>
        {coll_collectors}
        <!--<dataCollector abbr="628a288b5a3" affiliation="91e6923de">
          e97fd3bf
        </dataCollector> -->
        <sampProc>
          {sampling_procedure}
        </sampProc>
        <deviat>
          {sampling_dev}
        </deviat>
        <collMode>
          {coll_mode}
        </collMode>
        <resInstru>
          {coll_questionnaire}
        </resInstru>
        <sources/>
        <collSitu>
          {coll_notes}
        </collSitu>
        <actMin>
          {coll_supervision}
        </actMin>
        <weight>
          {sampling_weight}
        </weight>
        <cleanOps>
          {process_editing}
        </cleanOps>
      </dataColl>
      <notes>
        {process_other}
      </notes>
      <anlyInfo>
        <respRate>
          {sampling_rates}
        </respRate>
        <EstSmpErr>
          {appraisal_error}
        </EstSmpErr>
        <dataAppr>
          {appraisal_other}
        </dataAppr>
      </anlyInfo>
    </method>
    <dataAccs>
      <useStmt>
        <confDec required="yes">
          {access_confidentiality}
        </confDec>
        {access_authority}
      <!--  <contact affiliation="de1113f" URI="7ad2dd2e8d0f1" email="923d71c63">
          b33313c1f07f
        </contact> -->
        <citReq>
          {access_cite_require}
        </citReq>
        <conditions>
          {access_conditions}
        </conditions>
        <disclaimer>
          {disclaimer_disclaimer}
        </disclaimer>
      </useStmt>
    </dataAccs>
  </stdyDscr>
  <dataDscr/>
</codeBook>
