<?xml version='1.0' encoding='UTF-8'?>
<codeBook version="1.2.2" ID="{ident_id}" xml-lang="en" xmlns="http://www.icpsr.umich.edu/DDI" xmlns:xsi="http://www.w3.org/2001/XMLSchema-instance" xsi:schemaLocation="http://www.icpsr.umich.edu/DDI http://www.icpsr.umich.edu/DDI/Version1-2-2.xsd">
  <stdyDscr>
    <citation>
      <titlStmt>
        <titl>
          {ident_title}
        </titl>
        <subTitl>
          {ident_subtitle}
        </subTitl>
        <altTitl>
          {ident_abbr}
        </altTitl>
        <parTitl>
          {ident_trans_title}
        </parTitl>
        <IDNo>
          {ident_id}
        </IDNo>
      </titlStmt>
      <rspStmt>
        {prod_s_investigator}
        {prod_s_acknowledgements}
      </rspStmt>
      <prodStmt>
        {prod_s_other_prod}
        <copyright>
          {disclaimer_copyright}
        </copyright>
        <software version="1.2" date="2011-01-07">
          Metadata Editor
        </software>
        {prod_s_funding}
      </prodStmt>
      <distStmt>
        {contacts_contacts}
      </distStmt>
      <serStmt URI="{ident_ddp_id}">
        <serName>
          {ident_study_type}
        </serName>
        <serInfo>
          {ident_ser_info}
        </serInfo>
      </serStmt>
      <verStmt>
        <version date="{ver_prod_date}">
          {ver_desc}
        </version>
        <verResp affiliation="{overview_methods}"/>
        <notes>
          {ver_notes}
        </notes>
      </verStmt>
    </citation>
    <stdyInfo>
      <subject>
        {scope_keywords}
        {scope_class}
      </subject>
      <abstract>
        {overview_abstract}
      </abstract>
      <sumDscr>
        {coll_dates}
        {coll_periods}
        {coverage_country}
        <geogCover>
          {coverage_geo}
        </geogCover>
        <anlyUnit>
          f9271494c4
        </anlyUnit>
        <universe>
          {coverage_universe}
        </universe>
        <dataKind>
          {overview_kind_of_data}
        </dataKind>
      </sumDscr>
      <notes>
        {scope_definition}
      </notes>
    </stdyInfo>
    <method>
      <dataColl>
        {coll_collectors}
        <sampProc>
          {sampling_procedure}
        </sampProc>
        <deviat>
          {sampling_dev}
        </deviat>
        <collMode>
          {coll_mode}
        </collMode>
        <resInstru>
          {coll_questionnaire}
        </resInstru>
        <sources/>
        <collSitu>
          {coll_notes}
        </collSitu>
        <actMin>
          {coll_supervision}
        </actMin>
        <weight>
          {sampling_weight}
        </weight>
        <cleanOps>
          {process_editing}
        </cleanOps>
      </dataColl>
      <notes>
        {process_other}
      </notes>
      <anlyInfo>
        <respRate>
          {sampling_rates}
        </respRate>
        <EstSmpErr>
          {appraisal_error}
        </EstSmpErr>
        <dataAppr>
          {appraisal_other}
        </dataAppr>
      </anlyInfo>
    </method>
    <dataAccs>
      <useStmt>
        <confDec required="yes">
          {access_confidentiality}
        </confDec>
        {access_authority}
        <citReq>
          {access_cite_require}
        </citReq>
        <conditions>
          {access_conditions}
        </conditions>
        <disclaimer>
          {disclaimer_disclaimer}
        </disclaimer>
      </useStmt>
    </dataAccs>
  </stdyDscr>
  <dataDscr/>
</codeBook>
