<?xml version="1.0" encoding="utf-8"?>
<properties>
<entry key="Abstract">Abstract</entry>
<entry key="Access Authority">Access Authority</entry>
<entry key="Access Conditions">Access Conditions</entry>
<entry key="Access Policy">Access Policy</entry>
<entry key="Accessibility">Accessibility</entry>
<entry key="Browse Metadata">Browse Metadata</entry>
<entry key="Cases">Cases</entry>
<entry key="Categories">Categories</entry>
<entry key="Category">Category</entry>
<entry key="Citation Requirements">Citation Requirements</entry>
<entry key="Click to view variable information">Click to view variable information</entry>
<entry key="Confidentiality">Confidentiality</entry>
<entry key="Contact(s)">Contact(s)</entry>
<entry key="Content">Content</entry>
<entry key="Continuous">Continuous</entry>
<entry key="Copyright">Copyright</entry>
<entry key="Country">Country</entry>
<entry key="Coverage">Coverage</entry>
<entry key="Data Appraisal">Data Appraisal</entry>
<entry key="Data Collection">Data Collection</entry>
<entry key="Data Collection Dates">Data Collection Dates</entry>
<entry key="Data Collection Mode">Data Collection Mode</entry>
<entry key="Data Collection Notes">Data Collection Notes</entry>
<entry key="Data Editing">Data Editing</entry>
<entry key="Data File">Data File</entry>
<entry key="Data Processing">Data Processing</entry>
<entry key="Date of Metadata Production">Date of Metadata Production</entry>
<entry key="DDI Document ID">DDI Document ID</entry>
<entry key="DDI Document Version">DDI Document Version</entry>
<entry key="Decimals">Decimals</entry>
<entry key="Derivation">Derivation</entry>
<entry key="Description">Description</entry>
<entry key="Deviations from Sample Design">Deviations from Sample Design</entry>
<entry key="Disclaimer">Disclaimer</entry>
<entry key="Discrete">Discrete</entry>
<entry key="Estimates of Sampling Error">Estimates of Sampling Error</entry>
<entry key="File">File</entry>
<entry key="Format">Format</entry>
<entry key="Funding">Funding</entry>
<entry key="Geographic Coverage">Geographic Coverage</entry>
<entry key="ID">ID</entry>
<entry key="ID Number">ID Number</entry>
<entry key="Identification">Identification</entry>
<entry key="Imputation">Imputation</entry>
<entry key="Interviewer instructions">Interviewer instructions</entry>
<entry key="Invalid">Invalid</entry>
<entry key="Keys">Keys</entry>
<entry key="Kind of Data">Kind of Data</entry>
<entry key="Label">Label</entry>
<entry key="Literal question">Literal question</entry>
<entry key="Maximum">Maximum</entry>
<entry key="Metadata Produced By">Metadata Produced By</entry>
<entry key="Metadata Production">Metadata Production</entry>
<entry key="Minimum">Minimum</entry>
<entry key="Missing Data">Missing Data</entry>
<entry key="Name">Name</entry>
<entry key="No variables were found.">No variables were found.</entry>
<entry key="Notes">Notes</entry>
<entry key="Other Acknowledgements">Other Acknowledgements</entry>
<entry key="Other forms of Data Appraisal">Other forms of Data Appraisal</entry>
<entry key="Other Processing">Other Processing</entry>
<entry key="Other Producer(s)">Other Producer(s)</entry>
<entry key="Overview">Overview</entry>
<entry key="Post question">Post question</entry>
<entry key="Pre question">Pre question</entry>
<entry key="Primary Investigator(s)">Primary Investigator(s)</entry>
<entry key="Producer">Producer</entry>
<entry key="Producers and Sponsors">Producers and Sponsors</entry>
<entry key="Production Date">Production Date</entry>
<entry key="Question">Question</entry>
<entry key="Questionnaires">Questionnaires</entry>
<entry key="Questions and instructions">Questions and instructions</entry>
<entry key="Range">Range</entry>
<entry key="Response Rate">Response Rate</entry>
<entry key="Rights &amp; Disclaimer">Rights &amp; Disclaimer</entry>
<entry key="Sampling">Sampling</entry>
<entry key="Sampling Procedure">Sampling Procedure</entry>
<entry key="Scope">Scope</entry>
<entry key="Security">Security</entry>
<entry key="Series Information">Series Information</entry>
<entry key="Source of information">Source of information</entry>
<entry key="Structure">Structure</entry>
<entry key="Subtitle">Subtitle</entry>
<entry key="Supervision">Supervision</entry>
<entry key="Survey Type">Survey Type</entry>
<entry key="survey(s) out of">survey(s) out of</entry>
<entry key="surveys per page">surveys per page</entry>
<entry key="Title">Title</entry>
<entry key="Type">Type</entry>
<entry key="Units of Analysis">Units of Analysis</entry>
<entry key="Universe">Universe</entry>
<entry key="Valid cases">Valid cases</entry>
<entry key="Value">Value</entry>
<entry key="Variable(s)">Variable(s)</entry>
<entry key="Variables">Variables</entry>
<entry key="variables were found.">variables were found.</entry>
<entry key="Version">Version</entry>
<entry key="Version Description">Version Description</entry>
<entry key="View">View</entry>
<entry key="View variable info">View variable info</entry>
<entry key="warning_figures_indicate_number_of_cases_found">Warning: these figures indicate the number of cases found in the data file. They cannot be interpreted as summary statistics of the population of interest.</entry>
<entry key="Weighting">Weighting</entry>
<entry key="Width">Width</entry>
<entry key="Start">Start</entry> 
<entry key="End">End</entry> 
<entry key="Cycle">Cycle</entry> 
</properties>