{
  "$id": "http://ihsn.org/schemas/dcmi",
  "$schema": "http://json-schema.org/draft-07/schema#",
  "title": "DCMI Schema",
  "description": "Schema based on DCMI elements",
  "type": "object",
  "properties": {
    "type": {
      "type": "string",
      "title": "Type of resource",
      "description": "Type of resource  e.g. image",
      "default": "image"
    },
    "title": {
      "type": "string",
      "title": "Photo title"
    },
    "caption": {
      "type": "string",
      "title": "Photo caption"
    },
    "description": {
      "type": "string",
      "description": "Description"
    },
    "topics": {
      "type": "array",
      "title": "Topics",
      "items": {
        "type": "object",
        "properties": {
          "id": {
            "title": "Unique Identifier",
            "type": "string"
          },
          "name": {
            "title": "Topic",
            "type": "string"
          },
          "parent_id": {
            "title": "Parent topic Identifier",
            "description": "For subtopics, provide the ID of the parent topic",
            "type": "string"
          },
          "vocabulary": {
            "title": "Vocabulary",
            "description": "Name of the controlled vocabulary, if the topic is from a taxonomy.",
            "type": "string"
          },
          "uri": {
            "title": "Vocabulary URI",
            "description": "Link to the controlled vocabulary web page, if the topic is from a taxonomy.",
            "type": "string"
          }
        },
        "required": [
          "name"
        ]
      }
    },
    "keywords": {
      "type": "array",
      "items": {
        "type": "object",
        "properties": {
          "name": {
            "title": "Name",
            "type": "string"
          },
          "vocabulary": {
            "title": "Vocabulary name",
            "type": "string"
          },
          "uri": {
            "title": "Vocabulary URI",
            "type": "string"
          }
        },
        "required": [
          "name"
        ]
      }
    },
    "creator": {
      "title": "Creator",
      "type": "string",
      "description": "Name of the person or organization"
    },
    "contributor": {
      "title": "Contributor",
      "type": "string",
      "description": "Name of the contributing person or organization"
    },
    "publisher": {
      "title": "Publisher",
      "type": "string"
    },
    "date": {
      "title": "Date",
      "description": "Date when the photo was taken. use format YYYY-MM-DD",
      "type": "string"
    },
    "country": {
      "type": "array",
      "title": "Country",
      "items": {
        "type": "object",
        "properties": {
          "name": {
            "title": "Country name",
            "type": "string"
          },
          "code": {
            "title": "Country code",
            "type": "string"
          }
        },
        "required": [
          "name"
        ]
      }
    },
    "coverage": {
      "title": "Geographic coverage",
      "type": "string"
    },
    "gps": {
      "title": "Geographic location",
      "description": "Geographic location of where the photo was taken",
      "type": "object",
      "properties": {
        "latitude": {
          "type": "number",
          "minimum": -90,
          "maximum": 90
        },
        "longitude": {
          "type": "number",
          "minimum": -180,
          "maximum": 180
        },
        "altitude": {
          "type": "number"
        }
      }
    },
    "format": {
      "type": "string",
      "title": "Image format",
      "description": "Image file format e.g. `image/gif` - Image, GIF  \n* `image/jpeg` - Image, JPEG   \n* `image/png` - Image, PNG   \n* `image/tiff` - Image, TIFF"
    },
    "languages": {
      "type": "array",
      "title": "Language",
      "description": "Metadata language e.g. English, French, etc.",
      "items": {
        "type": "object",
        "properties": {
          "name": {
            "title": "Name",
            "type": "string"
          },
          "code": {
            "title": "Code",
            "type": "string"
          }
        },
        "required": [
          "name"
        ]
      }
    },
    "relations": {
      "type": "array",
      "title": "Related resources",
      "items": {
        "type": "object",
        "properties": {
          "name": {
            "title": "Name",
            "type": "string"
          },
          "type": {
            "title": "Type",
            "type": "string",
            "enum": [
              "isPartOf",
              "hasPart",
              "isVersionOf",
              "isFormatOf",
              "hasFormat",
              "references",
              "isReferencedBy",
              "isBasedOn",
              "isBasisFor",
              "requires",
              "isRequiredBy"
            ]
          },
          "uri": {
            "title": "URI",
            "type": "string",
            "description": "Link to related resource"
          }
        }
      },
      "required": [
        "name"
      ]
    },
    "rights": {
      "title": "Rights",
      "type": "string",
      "description": "Copyrights"
    },
    "source": {
      "title": "Source",
      "type": "string",
      "description": "Related resource from which resource is derived"
    },
    "note": {
      "title": "Notes",
      "type": "string",
      "description": "Any additional information not covered by other fields"
    }
  },
  "required": [
    "title"
  ]
}