{
    "$id": "http://ihsn.org/schemas/provenance",
    "$schema": "http://json-schema.org/draft-07/schema#",
    "type": "object",
    "description": "Provenance of metadata based on the OAI provenance schema (http://www.openarchives.org/OAI/2.0/provenance.xsd)",
    "properties": {
        "origin_description": {
            "type": "object",
            "title": "Origin description",
            "properties": {
                "harvest_date": {
                    "type": "string",
                    "description": "Harvest date using UTC date format"
                },
                "altered": {
                    "type": "boolean",
                    "title": "Metadata altered",
                    "description": "If the metadata was altered before dissemination"
                },
                "base_url": {
                    "type": "string",
                    "description": "Base URL of the originating repository"
                },
                "identifier": {
                    "type": "string",
                    "description": "Unique idenifiter of the item from the originating repository"
                },
                "date_stamp": {
                    "type": "string",
                    "description": "Datestamp (UTC date format) of the metadata record disseminated by the originating repository"
                },
                "metadata_namespace": {
                    "type": "string",
                    "description": "Metadata namespace URI of the metadata format of the record harvested from the originating repository"
                }
            }
        }
    }
}